test_id;test_param;test_param_value;test_time
1;UC;10;4
2;UC;5010;27
3;UC;10010;44
4;UC;15010;71
5;UC;20010;92
6;UC;25010;100
7;UC;30010;138
8;UC;35010;140
9;UC;40010;156
10;UC;45010;191
11;UC;50010;221
12;UC;55010;228
13;UC;60010;242
14;UC;65010;261
15;UC;70010;282
16;UC;75010;298
17;UC;80010;332
18;UC;85010;348
19;UC;90010;352
20;UC;95010;368
21;UC;100010;421
22;UC;105010;405
23;UC;110010;428
24;UC;115010;451
25;UC;120010;460
26;UC;125010;499
27;UC;130010;529
28;UC;135010;531
29;UC;140010;548
30;UC;145010;550
31;UC;150010;569
32;UC;155010;585
33;UC;160010;594
34;UC;165010;640
35;UC;170010;674
36;UC;175010;670
37;UC;180010;681
38;UC;185010;697
39;UC;190010;735
40;UC;195010;710
41;UC;200010;761
42;UC;205010;771
43;UC;210010;769
44;UC;215010;820
45;UC;220010;846
46;UC;225010;891
47;UC;230010;890
48;UC;235010;896
49;UC;240010;909
50;UC;245010;940
51;UC;250010;929
52;UC;255010;958
53;UC;260010;964
54;UC;265010;1004
55;UC;270010;1048
56;UC;275010;1143
57;UC;280010;1096
58;UC;285010;1052
59;UC;290010;1114
60;UC;295010;1097
61;UC;300010;1221
62;UC;305010;1169
63;UC;310010;1158
64;UC;315010;1171
65;UC;320010;1180
66;UC;325010;1253
67;UC;330010;1232
68;UC;335010;1307
69;UC;340010;1265
70;UC;345010;1331
71;UC;350010;1310
72;UC;355010;1318
73;UC;360010;1377
74;UC;365010;1380
75;UC;370010;1410
76;UC;375010;1425
77;UC;380010;1399
78;UC;385010;1475
79;UC;390010;1470
80;UC;395010;1484
81;UC;400010;1482
82;UC;405010;1508
83;UC;410010;1526
84;UC;415010;1526
85;UC;420010;1539
86;UC;425010;1624
87;UC;430010;1612
88;UC;435010;1633
89;UC;440010;1655
90;UC;445010;1707
91;UC;450010;1672
92;UC;455010;1740
93;UC;460010;1745
94;UC;465010;1769
95;UC;470010;1818
96;UC;475010;1725
97;UC;480010;1788
98;UC;485010;1796
99;UC;490010;1866
100;UC;495010;1863
101;UC;500010;1864
102;UC;505010;1861
103;UC;510010;1971
104;UC;515010;2003
105;UC;520010;1964
106;UC;525010;1966
107;UC;530010;1953
108;UC;535010;1973
109;UC;540010;2081
110;UC;545010;2071
111;UC;550010;2015
112;UC;555010;1992
113;UC;560010;2045
114;UC;565010;2146
115;UC;570010;2129
116;UC;575010;2218
117;UC;580010;2119
118;UC;585010;2133
119;UC;590010;2213
120;UC;595010;2262
121;UC;600010;2216
122;UC;605010;2295
123;UC;610010;2235
124;UC;615010;2295
125;UC;620010;2293
126;UC;625010;2388
127;UC;630010;2296
128;UC;635010;2406
129;UC;640010;2359
130;UC;645010;2437
131;UC;650010;2396
132;UC;655010;2437
133;UC;660010;2530
134;UC;665010;2561
135;UC;670010;2540
136;UC;675010;2559
137;UC;680010;2522
138;UC;685010;2539
139;UC;690010;2609
140;UC;695010;2647
141;UC;700010;2596
142;UC;705010;2658
143;UC;710010;2698
144;UC;715010;2696
145;UC;720010;2764
146;UC;725010;2682
147;UC;730010;2799
148;UC;735010;2799
149;UC;740010;2768
150;UC;745010;2764
151;UC;750010;2749
152;UC;755010;2770
153;UC;760010;2863
154;UC;765010;2861
155;UC;770010;2831
156;UC;775010;2867
157;UC;780010;2914
158;UC;785010;2968
159;UC;790010;2917
160;UC;795010;2918
161;UC;800010;2989
162;UC;805010;2993
163;UC;810010;2933
164;UC;815010;3175
165;UC;820010;3114
166;UC;825010;3090
167;UC;830010;3210
168;UC;835010;3030
169;UC;840010;3133
170;UC;845010;3050
171;UC;850010;3195
172;UC;855010;3147
173;UC;860010;3173
174;UC;865010;3296
175;UC;870010;3262
176;UC;875010;3270
177;UC;880010;3334
178;UC;885010;3292
179;UC;890010;3481
180;UC;895010;3385
181;UC;900010;3397
182;UC;905010;3333
183;UC;910010;3374
184;UC;915010;3378
185;UC;920010;3462
186;UC;925010;3401
187;UC;930010;3430
188;UC;935010;3463
189;UC;940010;3529
190;UC;945010;3584
191;UC;950010;3611
192;UC;955010;3551
193;UC;960010;3615
194;UC;965010;3540
195;UC;970010;3593
196;UC;975010;3681
197;UC;980010;3662
198;UC;985010;3629
199;UC;990010;3644
200;UC;995010;3672
201;UC;1000000;3839
